INSERT INTO ORA_W5Y9A.COURSE (COURSECODE, COURSENUM) VALUES ('ANAT', 392);
INSERT INTO ORA_W5Y9A.COURSE (COURSECODE, COURSENUM) VALUES ('APSC', 160);
INSERT INTO ORA_W5Y9A.COURSE (COURSECODE, COURSENUM) VALUES ('ASTR', 200);
INSERT INTO ORA_W5Y9A.COURSE (COURSECODE, COURSENUM) VALUES ('CAPS', 390);
INSERT INTO ORA_W5Y9A.COURSE (COURSECODE, COURSENUM) VALUES ('COHR', 303);
INSERT INTO ORA_W5Y9A.COURSE (COURSECODE, COURSENUM) VALUES ('CPSC', 123);
INSERT INTO ORA_W5Y9A.COURSE (COURSECODE, COURSENUM) VALUES ('CPSC', 304);
INSERT INTO ORA_W5Y9A.COURSE (COURSECODE, COURSENUM) VALUES ('CPSC', 310);
INSERT INTO ORA_W5Y9A.COURSE (COURSECODE, COURSENUM) VALUES ('CPSC', 314);
INSERT INTO ORA_W5Y9A.COURSE (COURSECODE, COURSENUM) VALUES ('CPSC', 321);
INSERT INTO ORA_W5Y9A.COURSE (COURSECODE, COURSENUM) VALUES ('ENGL', 210);
INSERT INTO ORA_W5Y9A.COURSE (COURSECODE, COURSENUM) VALUES ('ENGL', 211);
INSERT INTO ORA_W5Y9A.COURSE (COURSECODE, COURSENUM) VALUES ('EOSC', 415);
INSERT INTO ORA_W5Y9A.COURSE (COURSECODE, COURSENUM) VALUES ('MATH', 332);
INSERT INTO ORA_W5Y9A.COURSE (COURSECODE, COURSENUM) VALUES ('MEME', 200);
INSERT INTO ORA_W5Y9A.COURSE (COURSECODE, COURSENUM) VALUES ('STVS', 100);
INSERT INTO ORA_W5Y9A.COURSE (COURSECODE, COURSENUM) VALUES ('STVS', 321);
INSERT INTO ORA_W5Y9A.COURSE (COURSECODE, COURSENUM) VALUES ('STVS', 400);
INSERT INTO ORA_W5Y9A.COURSE (COURSECODE, COURSENUM) VALUES ('TEST', 200);
INSERT INTO ORA_W5Y9A.COURSE (COURSECODE, COURSENUM) VALUES ('TRIP', 101);
INSERT INTO ORA_W5Y9A.COURSE (COURSECODE, COURSENUM) VALUES ('TRMP', 200);
INSERT INTO ORA_W5Y9A.COURSE (COURSECODE, COURSENUM) VALUES ('YZY', 101);

INSERT INTO ORA_W5Y9A.USERS (STUDENTNUM, EMAIL, PASSWORD, UNAME) VALUES (12844678, 'testUser0@gmail.com', 1234, 'test user');
INSERT INTO ORA_W5Y9A.USERS (STUDENTNUM, EMAIL, PASSWORD, UNAME) VALUES (12844679, 'testUser1@gmail.com', 1234, 'test user');
INSERT INTO ORA_W5Y9A.USERS (STUDENTNUM, EMAIL, PASSWORD, UNAME) VALUES (12844681, 'testUser2@gmail.com', 1234, 'test user');
INSERT INTO ORA_W5Y9A.USERS (STUDENTNUM, EMAIL, PASSWORD, UNAME) VALUES (12844684, 'testUser3@gmail.com', 1234, 'test user');
INSERT INTO ORA_W5Y9A.USERS (STUDENTNUM, EMAIL, PASSWORD, UNAME) VALUES (12844688, 'testUser4@gmail.com', 1234, 'test user');
INSERT INTO ORA_W5Y9A.USERS (STUDENTNUM, EMAIL, PASSWORD, UNAME) VALUES (12844693, 'testUser5@gmail.com', 1234, 'test user');
INSERT INTO ORA_W5Y9A.USERS (STUDENTNUM, EMAIL, PASSWORD, UNAME) VALUES (12844699, 'testUser6@gmail.com', 1234, 'test user');
INSERT INTO ORA_W5Y9A.USERS (STUDENTNUM, EMAIL, PASSWORD, UNAME) VALUES (12844706, 'testUser7@gmail.com', 1234, 'test user');
INSERT INTO ORA_W5Y9A.USERS (STUDENTNUM, EMAIL, PASSWORD, UNAME) VALUES (12844714, 'testUser8@gmail.com', 1234, 'test user');
INSERT INTO ORA_W5Y9A.USERS (STUDENTNUM, EMAIL, PASSWORD, UNAME) VALUES (12844723, 'testUser9@gmail.com', 1234, 'test user');
INSERT INTO ORA_W5Y9A.USERS (STUDENTNUM, EMAIL, PASSWORD, UNAME) VALUES (87654321, 'exemail2@gmail.com', 'bananas', 'example2');
INSERT INTO ORA_W5Y9A.USERS (STUDENTNUM, EMAIL, PASSWORD, UNAME) VALUES (11111111, 'stee@s.com', 1111, 'stephenv');
INSERT INTO ORA_W5Y9A.USERS (STUDENTNUM, EMAIL, PASSWORD, UNAME) VALUES (31804132, 'c_loro95@hotmail.com', 0987654321, 'c_loro95');
INSERT INTO ORA_W5Y9A.USERS (STUDENTNUM, EMAIL, PASSWORD, UNAME) VALUES (13579246, 'exemail3@gmail.com', 'apples', 'example3');
INSERT INTO ORA_W5Y9A.USERS (STUDENTNUM, EMAIL, PASSWORD, UNAME) VALUES (97531246, 'exemail4@gmail.com', 'oranges', 'example4');
INSERT INTO ORA_W5Y9A.USERS (STUDENTNUM, EMAIL, PASSWORD, UNAME) VALUES (90863758, 'exemail5@gmail.com', 'limes', 'example5');
INSERT INTO ORA_W5Y9A.USERS (STUDENTNUM, EMAIL, PASSWORD, UNAME) VALUES (1111, 'mm@mm.com', 1234, 'sssssss');
INSERT INTO ORA_W5Y9A.USERS (STUDENTNUM, EMAIL, PASSWORD, UNAME) VALUES (12345671, 'ssssssmm@mm.com', 'sss', 'stepheneee');
INSERT INTO ORA_W5Y9A.USERS (STUDENTNUM, EMAIL, PASSWORD, UNAME) VALUES (53420395, 'cute_asian_girl@gmail.com', 'iamanasianboy', 'xX_azn_cutiez_Xx');
INSERT INTO ORA_W5Y9A.USERS (STUDENTNUM, EMAIL, PASSWORD, UNAME) VALUES (14141414, 'dd@d.com', 11, 'testMe');
INSERT INTO ORA_W5Y9A.USERS (STUDENTNUM, EMAIL, PASSWORD, UNAME) VALUES (49697139, 'anabarajas@live.com.mx', 'anabarajas', 'anabarajas');
INSERT INTO ORA_W5Y9A.USERS (STUDENTNUM, EMAIL, PASSWORD, UNAME) VALUES (20030001, 'me@stephenvanson.com', 1234, 'stephen.vanson');
INSERT INTO ORA_W5Y9A.USERS (STUDENTNUM, EMAIL, PASSWORD, UNAME) VALUES (12345678, 'testUser@gmail.com', 1234, 'test user');
INSERT INTO ORA_W5Y9A.USERS (STUDENTNUM, EMAIL, PASSWORD, UNAME) VALUES (12345679, 'testUser@gmail.com', 1234, 'test user');
INSERT INTO ORA_W5Y9A.USERS (STUDENTNUM, EMAIL, PASSWORD, UNAME) VALUES (12345681, 'testUser@gmail.com', 1234, 'test user');
INSERT INTO ORA_W5Y9A.USERS (STUDENTNUM, EMAIL, PASSWORD, UNAME) VALUES (12345684, 'testUser@gmail.com', 1234, 'test user');
INSERT INTO ORA_W5Y9A.USERS (STUDENTNUM, EMAIL, PASSWORD, UNAME) VALUES (12345688, 'testUser@gmail.com', 1234, 'test user');
INSERT INTO ORA_W5Y9A.USERS (STUDENTNUM, EMAIL, PASSWORD, UNAME) VALUES (12345693, 'testUser@gmail.com', 1234, 'test user');
INSERT INTO ORA_W5Y9A.USERS (STUDENTNUM, EMAIL, PASSWORD, UNAME) VALUES (12345699, 'testUser@gmail.com', 1234, 'test user');
INSERT INTO ORA_W5Y9A.USERS (STUDENTNUM, EMAIL, PASSWORD, UNAME) VALUES (12345706, 'testUser@gmail.com', 1234, 'test user');
INSERT INTO ORA_W5Y9A.USERS (STUDENTNUM, EMAIL, PASSWORD, UNAME) VALUES (12345714, 'testUser@gmail.com', 1234, 'test user');
INSERT INTO ORA_W5Y9A.USERS (STUDENTNUM, EMAIL, PASSWORD, UNAME) VALUES (12345723, 'testUser@gmail.com', 1234, 'test user');
INSERT INTO ORA_W5Y9A.USERS (STUDENTNUM, EMAIL, PASSWORD, UNAME) VALUES (12845678, 'testUser0@gmail.com', 1234, 'test user');
INSERT INTO ORA_W5Y9A.USERS (STUDENTNUM, EMAIL, PASSWORD, UNAME) VALUES (12845679, 'testUser1@gmail.com', 1234, 'test user');
INSERT INTO ORA_W5Y9A.USERS (STUDENTNUM, EMAIL, PASSWORD, UNAME) VALUES (12845681, 'testUser2@gmail.com', 1234, 'test user');
INSERT INTO ORA_W5Y9A.USERS (STUDENTNUM, EMAIL, PASSWORD, UNAME) VALUES (12845684, 'testUser3@gmail.com', 1234, 'test user');
INSERT INTO ORA_W5Y9A.USERS (STUDENTNUM, EMAIL, PASSWORD, UNAME) VALUES (12845688, 'testUser4@gmail.com', 1234, 'test user');
INSERT INTO ORA_W5Y9A.USERS (STUDENTNUM, EMAIL, PASSWORD, UNAME) VALUES (12845693, 'testUser5@gmail.com', 1234, 'test user');
INSERT INTO ORA_W5Y9A.USERS (STUDENTNUM, EMAIL, PASSWORD, UNAME) VALUES (12845699, 'testUser6@gmail.com', 1234, 'test user');
INSERT INTO ORA_W5Y9A.USERS (STUDENTNUM, EMAIL, PASSWORD, UNAME) VALUES (12845706, 'testUser7@gmail.com', 1234, 'test user');
INSERT INTO ORA_W5Y9A.USERS (STUDENTNUM, EMAIL, PASSWORD, UNAME) VALUES (12845714, 'testUser8@gmail.com', 1234, 'test user');
INSERT INTO ORA_W5Y9A.USERS (STUDENTNUM, EMAIL, PASSWORD, UNAME) VALUES (12845723, 'testUser9@gmail.com', 1234, 'test user');
INSERT INTO ORA_W5Y9A.USERS (STUDENTNUM, EMAIL, PASSWORD, UNAME) VALUES (20030144, 'ssssssss@stephe.com', 1234, 'stepheeeee');
INSERT INTO ORA_W5Y9A.USERS (STUDENTNUM, EMAIL, PASSWORD, UNAME) VALUES (13131313, 'tests@ss.com', 111, 'stepheneee');
INSERT INTO ORA_W5Y9A.USERS (STUDENTNUM, EMAIL, PASSWORD, UNAME) VALUES (20040014, 'sssss@m.com', 12, 'sv');
INSERT INTO ORA_W5Y9A.USERS (STUDENTNUM, EMAIL, PASSWORD, UNAME) VALUES (23986492, 'vancity@gmail.com', 'vancity', 'vancityguy');
INSERT INTO ORA_W5Y9A.USERS (STUDENTNUM, EMAIL, PASSWORD, UNAME) VALUES (20000000, 'svs@stephen.com', 1234, 'svanson');
INSERT INTO ORA_W5Y9A.USERS (STUDENTNUM, EMAIL, PASSWORD, UNAME) VALUES (0, 'b@gmail.com', 1234, 'ana');
INSERT INTO ORA_W5Y9A.USERS (STUDENTNUM, EMAIL, PASSWORD, UNAME) VALUES (1202020, 'sss@ss.com', 111, 'test');
INSERT INTO ORA_W5Y9A.USERS (STUDENTNUM, EMAIL, PASSWORD, UNAME) VALUES (2003014, 'sss@ssss.com', 1234, 'testvvv');
INSERT INTO ORA_W5Y9A.USERS (STUDENTNUM, EMAIL, PASSWORD, UNAME) VALUES (20030145, 'sss@tessssst.com', 1234, 'testUname');
INSERT INTO ORA_W5Y9A.USERS (STUDENTNUM, EMAIL, PASSWORD, UNAME) VALUES (12345675, 'ssms@stephen.com', 1234, 'uuuu');
INSERT INTO ORA_W5Y9A.USERS (STUDENTNUM, EMAIL, PASSWORD, UNAME) VALUES (11, '12@111.com', 'uuuu', 'testU');
INSERT INTO ORA_W5Y9A.USERS (STUDENTNUM, EMAIL, PASSWORD, UNAME) VALUES (20030000, '1111111@m.com', 1234, 'mmmmm');
INSERT INTO ORA_W5Y9A.USERS (STUDENTNUM, EMAIL, PASSWORD, UNAME) VALUES (31804131, 'chad.loro.cl@gmail.com', 12345678, 'chadloro');
INSERT INTO ORA_W5Y9A.USERS (STUDENTNUM, EMAIL, PASSWORD, UNAME) VALUES (12121212, '1212@1212.com', 111, 'sTest');


INSERT INTO ORA_W5Y9A.SELLERS (STUDENTNUM) VALUES (11111111);
INSERT INTO ORA_W5Y9A.SELLERS (STUDENTNUM) VALUES (12121212);
INSERT INTO ORA_W5Y9A.SELLERS (STUDENTNUM) VALUES (12345678);
INSERT INTO ORA_W5Y9A.SELLERS (STUDENTNUM) VALUES (12844678);
INSERT INTO ORA_W5Y9A.SELLERS (STUDENTNUM) VALUES (13131313);
INSERT INTO ORA_W5Y9A.SELLERS (STUDENTNUM) VALUES (13579246);
INSERT INTO ORA_W5Y9A.SELLERS (STUDENTNUM) VALUES (14141414);
INSERT INTO ORA_W5Y9A.SELLERS (STUDENTNUM) VALUES (20000000);
INSERT INTO ORA_W5Y9A.SELLERS (STUDENTNUM) VALUES (20030000);
INSERT INTO ORA_W5Y9A.SELLERS (STUDENTNUM) VALUES (20030001);
INSERT INTO ORA_W5Y9A.SELLERS (STUDENTNUM) VALUES (20040014);
INSERT INTO ORA_W5Y9A.SELLERS (STUDENTNUM) VALUES (23986492);
INSERT INTO ORA_W5Y9A.SELLERS (STUDENTNUM) VALUES (31804132);
INSERT INTO ORA_W5Y9A.SELLERS (STUDENTNUM) VALUES (49697139);
INSERT INTO ORA_W5Y9A.SELLERS (STUDENTNUM) VALUES (87654321);
INSERT INTO ORA_W5Y9A.SELLERS (STUDENTNUM) VALUES (90863758);
INSERT INTO ORA_W5Y9A.SELLERS (STUDENTNUM) VALUES (97531246);


INSERT INTO ORA_W5Y9A.TEXTBOOKS (ISBN, TITLE) VALUES (9780072896060, 'Understanding Psychology');
INSERT INTO ORA_W5Y9A.TEXTBOOKS (ISBN, TITLE) VALUES (4930204959, 'Introduction to Chemistry');
INSERT INTO ORA_W5Y9A.TEXTBOOKS (ISBN, TITLE) VALUES (1999999999999, 'Rare Stephen Book');
INSERT INTO ORA_W5Y9A.TEXTBOOKS (ISBN, TITLE) VALUES (1111222233334, 'The Life of Pablo');
INSERT INTO ORA_W5Y9A.TEXTBOOKS (ISBN, TITLE) VALUES (1234567897658, 'La Buena Pachepeda');
INSERT INTO ORA_W5Y9A.TEXTBOOKS (ISBN, TITLE) VALUES (9780072465631, 'Database Management Systems 3/E');
INSERT INTO ORA_W5Y9A.TEXTBOOKS (ISBN, TITLE) VALUES (9780262017350, 'Foundations of 3D Computer Graphics');
INSERT INTO ORA_W5Y9A.TEXTBOOKS (ISBN, TITLE) VALUES (9780133571769, 'Strategic Staffing 3/E');
INSERT INTO ORA_W5Y9A.TEXTBOOKS (ISBN, TITLE) VALUES (9780323355636, 'Textbook of Histology');
INSERT INTO ORA_W5Y9A.TEXTBOOKS (ISBN, TITLE) VALUES (9780321776419, 'Progamming in C');
INSERT INTO ORA_W5Y9A.TEXTBOOKS (ISBN, TITLE) VALUES (3949392039432, 'Introduction to Physics');
INSERT INTO ORA_W5Y9A.TEXTBOOKS (ISBN, TITLE) VALUES (9999999999999, 'Stephen''s book of fun');
INSERT INTO ORA_W5Y9A.TEXTBOOKS (ISBN, TITLE) VALUES (1299999999999, 'Test Textbook post');
INSERT INTO ORA_W5Y9A.TEXTBOOKS (ISBN, TITLE) VALUES (1239999999990, 'Teeeeeeeeeeeeeest book');
INSERT INTO ORA_W5Y9A.TEXTBOOKS (ISBN, TITLE) VALUES (3219999909775, 'Introduction To Anatomy');
INSERT INTO ORA_W5Y9A.TEXTBOOKS (ISBN, TITLE) VALUES (9781608438037, 'Frankestein');
INSERT INTO ORA_W5Y9A.TEXTBOOKS (ISBN, TITLE) VALUES (1111111, 'Fake textbook');
INSERT INTO ORA_W5Y9A.TEXTBOOKS (ISBN, TITLE) VALUES (9780815341291, 'Essential Cell Biology, 3/E');
INSERT INTO ORA_W5Y9A.TEXTBOOKS (ISBN, TITLE) VALUES (3949593920204, 'Test Textbook');
INSERT INTO ORA_W5Y9A.TEXTBOOKS (ISBN, TITLE) VALUES (9999999999990, 'Stephens fun book');
INSERT INTO ORA_W5Y9A.TEXTBOOKS (ISBN, TITLE) VALUES (9999999999991, 'Stephens extra fun book');
INSERT INTO ORA_W5Y9A.TEXTBOOKS (ISBN, TITLE) VALUES (8589493049583, 'Intro to Math');
INSERT INTO ORA_W5Y9A.TEXTBOOKS (ISBN, TITLE) VALUES (9780321595584, 'Foundations of Astrophysics');
INSERT INTO ORA_W5Y9A.TEXTBOOKS (ISBN, TITLE) VALUES (1234543212345, 'God and Laptops');
INSERT INTO ORA_W5Y9A.TEXTBOOKS (ISBN, TITLE) VALUES (808080808, NULL);
INSERT INTO ORA_W5Y9A.TEXTBOOKS (ISBN, TITLE) VALUES (2999999999999, 'Test textbook pls ignore');
INSERT INTO ORA_W5Y9A.TEXTBOOKS (ISBN, TITLE) VALUES (2345678909876, 'Carnales pachecos');
INSERT INTO ORA_W5Y9A.TEXTBOOKS (ISBN, TITLE) VALUES (1234567890123, 'Rare Textbook');
INSERT INTO ORA_W5Y9A.TEXTBOOKS (ISBN, TITLE) VALUES (798798797, 'mmmm');
INSERT INTO ORA_W5Y9A.TEXTBOOKS (ISBN, TITLE) VALUES (9087868758748, 'Trump 101');
INSERT INTO ORA_W5Y9A.TEXTBOOKS (ISBN, TITLE) VALUES (1234567890456, 'The Oldest Textbook in the World');

INSERT INTO ORA_W5Y9A.COURSE_OF_TEXTBOOK (ISBN, COURSECODE, COURSENUM) VALUES (1111222233334, 'YZY', 101);
INSERT INTO ORA_W5Y9A.COURSE_OF_TEXTBOOK (ISBN, COURSECODE, COURSENUM) VALUES (1234543212345, 'CPSC', 310);
INSERT INTO ORA_W5Y9A.COURSE_OF_TEXTBOOK (ISBN, COURSECODE, COURSENUM) VALUES (1234567890456, 'ENGL', 211);
INSERT INTO ORA_W5Y9A.COURSE_OF_TEXTBOOK (ISBN, COURSECODE, COURSENUM) VALUES (1234567897658, 'EOSC', 415);
INSERT INTO ORA_W5Y9A.COURSE_OF_TEXTBOOK (ISBN, COURSECODE, COURSENUM) VALUES (1239999999990, 'TEST', 200);
INSERT INTO ORA_W5Y9A.COURSE_OF_TEXTBOOK (ISBN, COURSECODE, COURSENUM) VALUES (1299999999999, 'CPSC', 123);
INSERT INTO ORA_W5Y9A.COURSE_OF_TEXTBOOK (ISBN, COURSECODE, COURSENUM) VALUES (1999999999999, 'STVS', 321);
INSERT INTO ORA_W5Y9A.COURSE_OF_TEXTBOOK (ISBN, COURSECODE, COURSENUM) VALUES (2345678909876, 'TRIP', 101);
INSERT INTO ORA_W5Y9A.COURSE_OF_TEXTBOOK (ISBN, COURSECODE, COURSENUM) VALUES (2999999999999, 'MEME', 200);
INSERT INTO ORA_W5Y9A.COURSE_OF_TEXTBOOK (ISBN, COURSECODE, COURSENUM) VALUES (3219999909775, 'ANAT', 392);
INSERT INTO ORA_W5Y9A.COURSE_OF_TEXTBOOK (ISBN, COURSECODE, COURSENUM) VALUES (8589493049583, 'MATH', 332);
INSERT INTO ORA_W5Y9A.COURSE_OF_TEXTBOOK (ISBN, COURSECODE, COURSENUM) VALUES (9087868758748, 'TRMP', 200);
INSERT INTO ORA_W5Y9A.COURSE_OF_TEXTBOOK (ISBN, COURSECODE, COURSENUM) VALUES (9780072465631, 'CPSC', 304);
INSERT INTO ORA_W5Y9A.COURSE_OF_TEXTBOOK (ISBN, COURSECODE, COURSENUM) VALUES (9780133571769, 'COHR', 303);
INSERT INTO ORA_W5Y9A.COURSE_OF_TEXTBOOK (ISBN, COURSECODE, COURSENUM) VALUES (9780262017350, 'CPSC', 314);
INSERT INTO ORA_W5Y9A.COURSE_OF_TEXTBOOK (ISBN, COURSECODE, COURSENUM) VALUES (9780321595584, 'ASTR', 200);
INSERT INTO ORA_W5Y9A.COURSE_OF_TEXTBOOK (ISBN, COURSECODE, COURSENUM) VALUES (9780321776419, 'APSC', 160);
INSERT INTO ORA_W5Y9A.COURSE_OF_TEXTBOOK (ISBN, COURSECODE, COURSENUM) VALUES (9780323355636, 'CAPS', 390);
INSERT INTO ORA_W5Y9A.COURSE_OF_TEXTBOOK (ISBN, COURSECODE, COURSENUM) VALUES (9781608438037, 'ENGL', 210);
INSERT INTO ORA_W5Y9A.COURSE_OF_TEXTBOOK (ISBN, COURSECODE, COURSENUM) VALUES (9999999999990, 'STVS', 100);
INSERT INTO ORA_W5Y9A.COURSE_OF_TEXTBOOK (ISBN, COURSECODE, COURSENUM) VALUES (9999999999991, 'STVS', 400);

INSERT INTO ORA_W5Y9A.SELLERS_SELL_TEXTBOOK (STUDENTNUM, ISBN) VALUES (11111111, 9780072465631);
INSERT INTO ORA_W5Y9A.SELLERS_SELL_TEXTBOOK (STUDENTNUM, ISBN) VALUES (12121212, 9780072465631);
INSERT INTO ORA_W5Y9A.SELLERS_SELL_TEXTBOOK (STUDENTNUM, ISBN) VALUES (12345678, 9780321776419);
INSERT INTO ORA_W5Y9A.SELLERS_SELL_TEXTBOOK (STUDENTNUM, ISBN) VALUES (12844678, 9780321776419);
INSERT INTO ORA_W5Y9A.SELLERS_SELL_TEXTBOOK (STUDENTNUM, ISBN) VALUES (13131313, 9780072465631);
INSERT INTO ORA_W5Y9A.SELLERS_SELL_TEXTBOOK (STUDENTNUM, ISBN) VALUES (13579246, 9780323355636);
INSERT INTO ORA_W5Y9A.SELLERS_SELL_TEXTBOOK (STUDENTNUM, ISBN) VALUES (14141414, 9780072465631);
INSERT INTO ORA_W5Y9A.SELLERS_SELL_TEXTBOOK (STUDENTNUM, ISBN) VALUES (20000000, 1234567890123);
INSERT INTO ORA_W5Y9A.SELLERS_SELL_TEXTBOOK (STUDENTNUM, ISBN) VALUES (20000000, 1239999999990);
INSERT INTO ORA_W5Y9A.SELLERS_SELL_TEXTBOOK (STUDENTNUM, ISBN) VALUES (20000000, 3219999909775);
INSERT INTO ORA_W5Y9A.SELLERS_SELL_TEXTBOOK (STUDENTNUM, ISBN) VALUES (20000000, 3949392039432);
INSERT INTO ORA_W5Y9A.SELLERS_SELL_TEXTBOOK (STUDENTNUM, ISBN) VALUES (20000000, 9780072896060);
INSERT INTO ORA_W5Y9A.SELLERS_SELL_TEXTBOOK (STUDENTNUM, ISBN) VALUES (20000000, 9780133571769);
INSERT INTO ORA_W5Y9A.SELLERS_SELL_TEXTBOOK (STUDENTNUM, ISBN) VALUES (20000000, 9780321595584);
INSERT INTO ORA_W5Y9A.SELLERS_SELL_TEXTBOOK (STUDENTNUM, ISBN) VALUES (20000000, 9780321776419);
INSERT INTO ORA_W5Y9A.SELLERS_SELL_TEXTBOOK (STUDENTNUM, ISBN) VALUES (20000000, 9780323355636);
INSERT INTO ORA_W5Y9A.SELLERS_SELL_TEXTBOOK (STUDENTNUM, ISBN) VALUES (20000000, 9999999999991);
INSERT INTO ORA_W5Y9A.SELLERS_SELL_TEXTBOOK (STUDENTNUM, ISBN) VALUES (20030000, 9087868758748);
INSERT INTO ORA_W5Y9A.SELLERS_SELL_TEXTBOOK (STUDENTNUM, ISBN) VALUES (20030001, 9780072465631);
INSERT INTO ORA_W5Y9A.SELLERS_SELL_TEXTBOOK (STUDENTNUM, ISBN) VALUES (20030001, 9999999999999);
INSERT INTO ORA_W5Y9A.SELLERS_SELL_TEXTBOOK (STUDENTNUM, ISBN) VALUES (20040014, 9780072465631);
INSERT INTO ORA_W5Y9A.SELLERS_SELL_TEXTBOOK (STUDENTNUM, ISBN) VALUES (23986492, 9780321776419);
INSERT INTO ORA_W5Y9A.SELLERS_SELL_TEXTBOOK (STUDENTNUM, ISBN) VALUES (31804132, 1111222233334);
INSERT INTO ORA_W5Y9A.SELLERS_SELL_TEXTBOOK (STUDENTNUM, ISBN) VALUES (31804132, 1234567890123);
INSERT INTO ORA_W5Y9A.SELLERS_SELL_TEXTBOOK (STUDENTNUM, ISBN) VALUES (31804132, 8589493049583);
INSERT INTO ORA_W5Y9A.SELLERS_SELL_TEXTBOOK (STUDENTNUM, ISBN) VALUES (31804132, 9780321776419);
INSERT INTO ORA_W5Y9A.SELLERS_SELL_TEXTBOOK (STUDENTNUM, ISBN) VALUES (31804132, 9780323355636);
INSERT INTO ORA_W5Y9A.SELLERS_SELL_TEXTBOOK (STUDENTNUM, ISBN) VALUES (31804132, 9781608438037);
INSERT INTO ORA_W5Y9A.SELLERS_SELL_TEXTBOOK (STUDENTNUM, ISBN) VALUES (49697139, 1111222233334);
INSERT INTO ORA_W5Y9A.SELLERS_SELL_TEXTBOOK (STUDENTNUM, ISBN) VALUES (49697139, 1234543212345);
INSERT INTO ORA_W5Y9A.SELLERS_SELL_TEXTBOOK (STUDENTNUM, ISBN) VALUES (49697139, 1234567890456);
INSERT INTO ORA_W5Y9A.SELLERS_SELL_TEXTBOOK (STUDENTNUM, ISBN) VALUES (49697139, 1234567897658);
INSERT INTO ORA_W5Y9A.SELLERS_SELL_TEXTBOOK (STUDENTNUM, ISBN) VALUES (49697139, 2345678909876);
INSERT INTO ORA_W5Y9A.SELLERS_SELL_TEXTBOOK (STUDENTNUM, ISBN) VALUES (49697139, 9781608438037);
INSERT INTO ORA_W5Y9A.SELLERS_SELL_TEXTBOOK (STUDENTNUM, ISBN) VALUES (87654321, 9780262017350);
INSERT INTO ORA_W5Y9A.SELLERS_SELL_TEXTBOOK (STUDENTNUM, ISBN) VALUES (90863758, 9780321776419);
INSERT INTO ORA_W5Y9A.SELLERS_SELL_TEXTBOOK (STUDENTNUM, ISBN) VALUES (97531246, 9780323355636);

INSERT INTO ORA_W5Y9A.AUTHORS_IN_TEXTBOOK (ANAME, ISBN) VALUES ('Stephen', 1999999999999);
INSERT INTO ORA_W5Y9A.AUTHORS_IN_TEXTBOOK (ANAME, ISBN) VALUES ('Kanye West', 1111222233334);
INSERT INTO ORA_W5Y9A.AUTHORS_IN_TEXTBOOK (ANAME, ISBN) VALUES ('Andrea Sainz', 1234567897658);
INSERT INTO ORA_W5Y9A.AUTHORS_IN_TEXTBOOK (ANAME, ISBN) VALUES ('Ramakrishnan', 9780072465631);
INSERT INTO ORA_W5Y9A.AUTHORS_IN_TEXTBOOK (ANAME, ISBN) VALUES ('Gortier', 9780262017350);
INSERT INTO ORA_W5Y9A.AUTHORS_IN_TEXTBOOK (ANAME, ISBN) VALUES ('Phillips', 9780133571769);
INSERT INTO ORA_W5Y9A.AUTHORS_IN_TEXTBOOK (ANAME, ISBN) VALUES ('Loro', 9780323355636);
INSERT INTO ORA_W5Y9A.AUTHORS_IN_TEXTBOOK (ANAME, ISBN) VALUES ('Kochan', 9780321776419);
INSERT INTO ORA_W5Y9A.AUTHORS_IN_TEXTBOOK (ANAME, ISBN) VALUES ('Stephen', 9999999999999);
INSERT INTO ORA_W5Y9A.AUTHORS_IN_TEXTBOOK (ANAME, ISBN) VALUES ('Steve', 1299999999999);
INSERT INTO ORA_W5Y9A.AUTHORS_IN_TEXTBOOK (ANAME, ISBN) VALUES ('TestAuth', 1239999999990);
INSERT INTO ORA_W5Y9A.AUTHORS_IN_TEXTBOOK (ANAME, ISBN) VALUES ('Durksseen', 3219999909775);
INSERT INTO ORA_W5Y9A.AUTHORS_IN_TEXTBOOK (ANAME, ISBN) VALUES ('Mary Shelley', 9781608438037);
INSERT INTO ORA_W5Y9A.AUTHORS_IN_TEXTBOOK (ANAME, ISBN) VALUES ('Stephen', 9999999999990);
INSERT INTO ORA_W5Y9A.AUTHORS_IN_TEXTBOOK (ANAME, ISBN) VALUES ('Stephen van Son', 9999999999991);
INSERT INTO ORA_W5Y9A.AUTHORS_IN_TEXTBOOK (ANAME, ISBN) VALUES ('Lebron James', 8589493049583);
INSERT INTO ORA_W5Y9A.AUTHORS_IN_TEXTBOOK (ANAME, ISBN) VALUES ('Ryden', 9780321595584);
INSERT INTO ORA_W5Y9A.AUTHORS_IN_TEXTBOOK (ANAME, ISBN) VALUES ('Sean Lennaerts', 1234543212345);
INSERT INTO ORA_W5Y9A.AUTHORS_IN_TEXTBOOK (ANAME, ISBN) VALUES ('Me', 2999999999999);
INSERT INTO ORA_W5Y9A.AUTHORS_IN_TEXTBOOK (ANAME, ISBN) VALUES ('La princess', 2345678909876);
INSERT INTO ORA_W5Y9A.AUTHORS_IN_TEXTBOOK (ANAME, ISBN) VALUES ('Donald Trump', 9087868758748);
INSERT INTO ORA_W5Y9A.AUTHORS_IN_TEXTBOOK (ANAME, ISBN) VALUES ('Anonymous', 1234567890456);


INSERT INTO ORA_W5Y9A.POSTING (POSTID, PRICE, DESCRIPTION, IMAGE, SOLD, ISBN, STUDENTNUM, TIMEPOSTED) VALUES (3, 75, 'Brand new, opened one time', 'img_212.jpg', 'N', 9780133571769, 87654321, TO_TIMESTAMP('2016-07-12 23:56:59', 'YYYY-MM-DD HH24:MI:SS'));
INSERT INTO ORA_W5Y9A.POSTING (POSTID, PRICE, DESCRIPTION, IMAGE, SOLD, ISBN, STUDENTNUM, TIMEPOSTED) VALUES (58428731933, 100, 'A little bit torn on the edges, but still good.', 'test.jpg', 'N', 9780072896060, 23986492, TO_TIMESTAMP('2016-11-13 00:24:30', 'YYYY-MM-DD HH24:MI:SS'));
INSERT INTO ORA_W5Y9A.POSTING (POSTID, PRICE, DESCRIPTION, IMAGE, SOLD, ISBN, STUDENTNUM, TIMEPOSTED) VALUES (40442772349, 175, 'Hardly used, I rarely even opened this textbook.', 'test.jpg', 'N', 9780072465631, 20030001, TO_TIMESTAMP('2016-11-20 16:36:27', 'YYYY-MM-DD HH24:MI:SS'));
INSERT INTO ORA_W5Y9A.POSTING (POSTID, PRICE, DESCRIPTION, IMAGE, SOLD, ISBN, STUDENTNUM, TIMEPOSTED) VALUES (5535195162, 30000, 'Fabulous condition very rare textbook', 'test.jpg', 'N', 1999999999999, 20000000, TO_TIMESTAMP('2016-11-20 18:56:53' , 'YYYY-MM-DD HH24:MI:SS'));
INSERT INTO ORA_W5Y9A.POSTING (POSTID, PRICE, DESCRIPTION, IMAGE, SOLD, ISBN, STUDENTNUM, TIMEPOSTED) VALUES (9504877729, 34, 'Hello', 'test.jpg', 'N', 4930204959, 31804132, TO_TIMESTAMP('2016-11-20 15:06:38', 'YYYY-MM-DD HH24:MI:SS'));
INSERT INTO ORA_W5Y9A.POSTING (POSTID, PRICE, DESCRIPTION, IMAGE, SOLD, ISBN, STUDENTNUM, TIMEPOSTED) VALUES (43180067837, 90, 'Decent condition, not willing to go lower than the listed price.', 'test.jpg', 'N', 9780323355636, 20000000, TO_TIMESTAMP('2016-11-20 19:40:17', 'YYYY-MM-DD HH24:MI:SS'));
INSERT INTO ORA_W5Y9A.POSTING (POSTID, PRICE, DESCRIPTION, IMAGE, SOLD, ISBN, STUDENTNUM, TIMEPOSTED) VALUES (88050923496, 90, 'Programming in C is very interesting, it will make you very very happy for a very long time. I have had many good times with this book throughout my years, I hope you will enjoy as well.', 'test.jpg', 'N', 9780321776419, 20000000, TO_TIMESTAMP('2016-11-20 23:15:35', 'YYYY-MM-DD HH24:MI:SS'));
INSERT INTO ORA_W5Y9A.POSTING (POSTID, PRICE, DESCRIPTION, IMAGE, SOLD, ISBN, STUDENTNUM, TIMEPOSTED) VALUES (99857008317, 30, 'Very old book.', 'test.jpg', 'N', 1234567897658, 49697139, TO_TIMESTAMP('2016-11-22 21:24:19', 'YYYY-MM-DD HH24:MI:SS'));
INSERT INTO ORA_W5Y9A.POSTING (POSTID, PRICE, DESCRIPTION, IMAGE, SOLD, ISBN, STUDENTNUM, TIMEPOSTED) VALUES (1, 50, 'Very good condition. Barely used.', 'posting.jpg', 'N', 9780321776419, 12345678, TO_TIMESTAMP('2015-07-16 23:58:30', 'YYYY-MM-DD HH24:MI:SS'));
INSERT INTO ORA_W5Y9A.POSTING (POSTID, PRICE, DESCRIPTION, IMAGE, SOLD, ISBN, STUDENTNUM, TIMEPOSTED) VALUES (2, 30, 'Some water marks on the book. The rest is completely fine.', 'img1.jpg', 'N', 9780133571769, 97531246, TO_TIMESTAMP('2016-06-09 23:58:19' , 'YYYY-MM-DD HH24:MI:SS'));
INSERT INTO ORA_W5Y9A.POSTING (POSTID, PRICE, DESCRIPTION, IMAGE, SOLD, ISBN, STUDENTNUM, TIMEPOSTED) VALUES (4, 20, 'Back cover ripped out. Will sell for cheap', '0239482.jpg', 'N', 9780323355636, 12345678, TO_TIMESTAMP('2016-11-11 23:57:54' , 'YYYY-MM-DD HH24:MI:SS'));
INSERT INTO ORA_W5Y9A.POSTING (POSTID, PRICE, DESCRIPTION, IMAGE, SOLD, ISBN, STUDENTNUM, TIMEPOSTED) VALUES (5, 20, 'Great conditions! Send me a message if interested!', 'IMG4.jpg', 'N', 9780262017350, 13579246, TO_TIMESTAMP('2016-08-15 01:58:10', 'YYYY-MM-DD HH24:MI:SS'));
INSERT INTO ORA_W5Y9A.POSTING (POSTID, PRICE, DESCRIPTION, IMAGE, SOLD, ISBN, STUDENTNUM, TIMEPOSTED) VALUES (91828316729, 34, 'New', 'test.jpg', 'N', 3949392039432, 31804132, TO_TIMESTAMP('2016-11-20 13:51:40', 'YYYY-MM-DD HH24:MI:SS'));
INSERT INTO ORA_W5Y9A.POSTING (POSTID, PRICE, DESCRIPTION, IMAGE, SOLD, ISBN, STUDENTNUM, TIMEPOSTED) VALUES (59569126786, 999, 'Brand new amazing textbook.', 'test.jpg', 'N', 9999999999999, 20030001, TO_TIMESTAMP('2016-11-20 18:26:59', 'YYYY-MM-DD HH24:MI:SS'));
INSERT INTO ORA_W5Y9A.POSTING (POSTID, PRICE, DESCRIPTION, IMAGE, SOLD, ISBN, STUDENTNUM, TIMEPOSTED) VALUES (90538431610, 218, 'Test posting', 'test.jpg', 'N', 1299999999999, 20000000, TO_TIMESTAMP('2016-11-20 19:18:51', 'YYYY-MM-DD HH24:MI:SS'));
INSERT INTO ORA_W5Y9A.POSTING (POSTID, PRICE, DESCRIPTION, IMAGE, SOLD, ISBN, STUDENTNUM, TIMEPOSTED) VALUES (1117350906, 21111, 'Tesssssssssst', 'test.jpg', 'N', 1239999999990, 20000000, TO_TIMESTAMP('2016-11-20 19:26:59', 'YYYY-MM-DD HH24:MI:SS'));
INSERT INTO ORA_W5Y9A.POSTING (POSTID, PRICE, DESCRIPTION, IMAGE, SOLD, ISBN, STUDENTNUM, TIMEPOSTED) VALUES (41907740337, 70, 'Pretty good condition but a very boring read.', 'test.jpg', 'N', 3949392039432, 20000000, TO_TIMESTAMP('2016-11-20 19:41:53' , 'YYYY-MM-DD HH24:MI:SS'));
INSERT INTO ORA_W5Y9A.POSTING (POSTID, PRICE, DESCRIPTION, IMAGE, SOLD, ISBN, STUDENTNUM, TIMEPOSTED) VALUES (8457851875, 122, 'Fairly old textbook but it is still in great condition. First edition.', 'test.jpg', 'N', 3219999909775, 20000000, TO_TIMESTAMP('2016-11-20 19:49:10' , 'YYYY-MM-DD HH24:MI:SS'));
INSERT INTO ORA_W5Y9A.POSTING (POSTID, PRICE, DESCRIPTION, IMAGE, SOLD, ISBN, STUDENTNUM, TIMEPOSTED) VALUES (72251847991, 15, 'Some pencil marks. ', 'test.jpg', 'N', 9781608438037, 49697139, TO_TIMESTAMP('2016-11-20 23:51:20', 'YYYY-MM-DD HH24:MI:SS'));
INSERT INTO ORA_W5Y9A.POSTING (POSTID, PRICE, DESCRIPTION, IMAGE, SOLD, ISBN, STUDENTNUM, TIMEPOSTED) VALUES (58203281322, 200, 'Fake textbook, do not buy.', 'test.jpg', 'N', 1111111, 20040014, TO_TIMESTAMP('2016-11-12 23:17:52', 'YYYY-MM-DD HH24:MI:SS'));
INSERT INTO ORA_W5Y9A.POSTING (POSTID, PRICE, DESCRIPTION, IMAGE, SOLD, ISBN, STUDENTNUM, TIMEPOSTED) VALUES (31758685968, 24, 'ljfdbjo', 'test.jpg', 'N', 9780321776419, 23986492, TO_TIMESTAMP('2016-11-13 00:20:51', 'YYYY-MM-DD HH24:MI:SS'));
INSERT INTO ORA_W5Y9A.POSTING (POSTID, PRICE, DESCRIPTION, IMAGE, SOLD, ISBN, STUDENTNUM, TIMEPOSTED) VALUES (17052708519, 56, 'Dropped in water, so a bit wrinkly. But still usable!', 'test.jpg', 'N', 9780815341291, 23986492, TO_TIMESTAMP('2016-11-13 22:35:08', 'YYYY-MM-DD HH24:MI:SS'));
INSERT INTO ORA_W5Y9A.POSTING (POSTID, PRICE, DESCRIPTION, IMAGE, SOLD, ISBN, STUDENTNUM, TIMEPOSTED) VALUES (90281327953, 100, 'Barely used.', 'test.jpg', 'N', 9780072896060, 23986492, TO_TIMESTAMP('2016-11-13 22:42:54', 'YYYY-MM-DD HH24:MI:SS'));
INSERT INTO ORA_W5Y9A.POSTING (POSTID, PRICE, DESCRIPTION, IMAGE, SOLD, ISBN, STUDENTNUM, TIMEPOSTED) VALUES (88098646700, 43, 'This is another test', 'test.jpg', 'N', 3949593920204, 31804132, TO_TIMESTAMP('2016-11-20 13:50:46', 'YYYY-MM-DD HH24:MI:SS'));
INSERT INTO ORA_W5Y9A.POSTING (POSTID, PRICE, DESCRIPTION, IMAGE, SOLD, ISBN, STUDENTNUM, TIMEPOSTED) VALUES (7459435379, 200, 'Immaculate condition, this is a steal for this price.', 'test.jpg', 'N', 9780321776419, 12844678, TO_TIMESTAMP('2016-11-20 16:16:59', 'YYYY-MM-DD HH24:MI:SS'));
INSERT INTO ORA_W5Y9A.POSTING (POSTID, PRICE, DESCRIPTION, IMAGE, SOLD, ISBN, STUDENTNUM, TIMEPOSTED) VALUES (34095773240, 100, 'Mildly used, everything is intact but the pages are a bit worn.', 'test.jpg', 'N', 9780323355636, 12844678, TO_TIMESTAMP('2016-11-20 16:34:43', 'YYYY-MM-DD HH24:MI:SS'));
INSERT INTO ORA_W5Y9A.POSTING (POSTID, PRICE, DESCRIPTION, IMAGE, SOLD, ISBN, STUDENTNUM, TIMEPOSTED) VALUES (8096614992, 199, 'Brand new amazing textbook.', 'test.jpg', 'N', 9999999999999, 20030001, TO_TIMESTAMP('2016-11-20 18:41:38', 'YYYY-MM-DD HH24:MI:SS'));
INSERT INTO ORA_W5Y9A.POSTING (POSTID, PRICE, DESCRIPTION, IMAGE, SOLD, ISBN, STUDENTNUM, TIMEPOSTED) VALUES (22929074568, 201, 'Stephens fun book.', 'test.jpg', 'N', 9999999999990, 20030001, TO_TIMESTAMP('2016-11-20 18:42:35', 'YYYY-MM-DD HH24:MI:SS'));
INSERT INTO ORA_W5Y9A.POSTING (POSTID, PRICE, DESCRIPTION, IMAGE, SOLD, ISBN, STUDENTNUM, TIMEPOSTED) VALUES (75105322431, 3000, 'Mint condition copy of stephens extra fun book, dont want to miss out.', 'test.jpg', 'N', 9999999999991, 20000000, TO_TIMESTAMP('2016-11-20 18:51:23', 'YYYY-MM-DD HH24:MI:SS'));
INSERT INTO ORA_W5Y9A.POSTING (POSTID, PRICE, DESCRIPTION, IMAGE, SOLD, ISBN, STUDENTNUM, TIMEPOSTED) VALUES (63651482341, 80, 'Willing to bargain.', 'test.jpg', 'N', 9780133571769, 20000000, TO_TIMESTAMP('2016-11-20 19:43:05', 'YYYY-MM-DD HH24:MI:SS'));
INSERT INTO ORA_W5Y9A.POSTING (POSTID, PRICE, DESCRIPTION, IMAGE, SOLD, ISBN, STUDENTNUM, TIMEPOSTED) VALUES (73715610709, 99, 'Understanding psychology is a lot like understanding life... you don''t.', 'test.jpg', 'N', 9780072896060, 20000000, TO_TIMESTAMP('2016-11-20 23:11:50', 'YYYY-MM-DD HH24:MI:SS'));
INSERT INTO ORA_W5Y9A.POSTING (POSTID, PRICE, DESCRIPTION, IMAGE, SOLD, ISBN, STUDENTNUM, TIMEPOSTED) VALUES (71229235129, 100, 'Is Divine Intervention Causing Your Laptop to Fail?', 'test.jpg', 'N', 1234543212345, 49697139, TO_TIMESTAMP('2016-11-22 16:24:27', 'YYYY-MM-DD HH24:MI:SS'));
INSERT INTO ORA_W5Y9A.POSTING (POSTID, PRICE, DESCRIPTION, IMAGE, SOLD, ISBN, STUDENTNUM, TIMEPOSTED) VALUES (1913096942, 130, 'Almost brand new textbook, very good condition.', 'test.jpg', 'N', 9780321595584, 20000000, TO_TIMESTAMP('2016-11-21 00:33:35', 'YYYY-MM-DD HH24:MI:SS'));
INSERT INTO ORA_W5Y9A.POSTING (POSTID, PRICE, DESCRIPTION, IMAGE, SOLD, ISBN, STUDENTNUM, TIMEPOSTED) VALUES (1972406264, 75, 'sucky', 'test.jpg', 'N', 1234567890123, 31804132, TO_TIMESTAMP('2016-11-21 13:49:24', 'YYYY-MM-DD HH24:MI:SS'));
INSERT INTO ORA_W5Y9A.POSTING (POSTID, PRICE, DESCRIPTION, IMAGE, SOLD, ISBN, STUDENTNUM, TIMEPOSTED) VALUES (39600020553, 45, 'Lightly torn.', 'test.jpg', 'N', 9780072465631, 23986492, TO_TIMESTAMP('2016-11-16 14:56:10', 'YYYY-MM-DD HH24:MI:SS'));
INSERT INTO ORA_W5Y9A.POSTING (POSTID, PRICE, DESCRIPTION, IMAGE, SOLD, ISBN, STUDENTNUM, TIMEPOSTED) VALUES (51865664310, 90909, 797097, 'test.jpg', 'N', 808080808, 20030001, TO_TIMESTAMP('2016-11-20 17:49:39', 'YYYY-MM-DD HH24:MI:SS'));
INSERT INTO ORA_W5Y9A.POSTING (POSTID, PRICE, DESCRIPTION, IMAGE, SOLD, ISBN, STUDENTNUM, TIMEPOSTED) VALUES (25131306517, 199, 'Brand new amazing textbook.', 'test.jpg', 'N', 9999999999999, 20030001, TO_TIMESTAMP('2016-11-20 18:37:03', 'YYYY-MM-DD HH24:MI:SS'));
INSERT INTO ORA_W5Y9A.POSTING (POSTID, PRICE, DESCRIPTION, IMAGE, SOLD, ISBN, STUDENTNUM, TIMEPOSTED) VALUES (64579020021, 3000, 'Mint condition copy of stephens extra fun book, dont want to miss out.', 'test.jpg', 'N', 9999999999991, 20000000, TO_TIMESTAMP('2016-11-20 18:53:05', 'YYYY-MM-DD HH24:MI:SS'));
INSERT INTO ORA_W5Y9A.POSTING (POSTID, PRICE, DESCRIPTION, IMAGE, SOLD, ISBN, STUDENTNUM, TIMEPOSTED) VALUES (86786357592, 1299, 'Test post please ignore', 'test.jpg', 'N', 2999999999999, 20000000, TO_TIMESTAMP('2016-11-20 19:03:17', 'YYYY-MM-DD HH24:MI:SS'));
INSERT INTO ORA_W5Y9A.POSTING (POSTID, PRICE, DESCRIPTION, IMAGE, SOLD, ISBN, STUDENTNUM, TIMEPOSTED) VALUES (79036058485, 2000, 'Very rare book.', 'test.jpg', 'N', 1234567890123, 20000000, TO_TIMESTAMP('2016-11-20 19:44:55', 'YYYY-MM-DD HH24:MI:SS'));
INSERT INTO ORA_W5Y9A.POSTING (POSTID, PRICE, DESCRIPTION, IMAGE, SOLD, ISBN, STUDENTNUM, TIMEPOSTED) VALUES (79437537072, 32, 'get well soon yeezy :(', 'test.jpg', 'N', 1111222233334, 31804132, TO_TIMESTAMP('2016-11-22 10:23:39', 'YYYY-MM-DD HH24:MI:SS'));
INSERT INTO ORA_W5Y9A.POSTING (POSTID, PRICE, DESCRIPTION, IMAGE, SOLD, ISBN, STUDENTNUM, TIMEPOSTED) VALUES (85898722475, 200, 'Brand new textbook, mint condition! Hot buy.', 'test.jpg', 'N', 9780133571769, 20040014, TO_TIMESTAMP('2016-11-12 23:10:56', 'YYYY-MM-DD HH24:MI:SS'));
INSERT INTO ORA_W5Y9A.POSTING (POSTID, PRICE, DESCRIPTION, IMAGE, SOLD, ISBN, STUDENTNUM, TIMEPOSTED) VALUES (59292363980, 200, 'Immaculate condition, this is a steal for this price.', 'test.jpg', 'N', 9780321776419, 12844678, TO_TIMESTAMP('2016-11-20 16:17:08', 'YYYY-MM-DD HH24:MI:SS'));
INSERT INTO ORA_W5Y9A.POSTING (POSTID, PRICE, DESCRIPTION, IMAGE, SOLD, ISBN, STUDENTNUM, TIMEPOSTED) VALUES (89422856364, 800, 'This is a very expensive textbook, first edition never opened.', 'test.jpg', 'N', 1234567890123, 12844678, TO_TIMESTAMP('2016-11-20 16:18:16', 'YYYY-MM-DD HH24:MI:SS'));
INSERT INTO ORA_W5Y9A.POSTING (POSTID, PRICE, DESCRIPTION, IMAGE, SOLD, ISBN, STUDENTNUM, TIMEPOSTED) VALUES (36423165863, 225, 'Brand new, perfect condition. No water damage or anything.', 'test.jpg', 'N', 9780133571769, 12844678, TO_TIMESTAMP('2016-11-20 16:30:48', 'YYYY-MM-DD HH24:MI:SS'));
INSERT INTO ORA_W5Y9A.POSTING (POSTID, PRICE, DESCRIPTION, IMAGE, SOLD, ISBN, STUDENTNUM, TIMEPOSTED) VALUES (68578034592, 100, 'Mildly used, everything is intact but the pages are a bit worn.', 'test.jpg', 'N', 9780323355636, 12844678, TO_TIMESTAMP('2016-11-20 16:33:57', 'YYYY-MM-DD HH24:MI:SS'));
INSERT INTO ORA_W5Y9A.POSTING (POSTID, PRICE, DESCRIPTION, IMAGE, SOLD, ISBN, STUDENTNUM, TIMEPOSTED) VALUES (37582272198, 180, 'Brand new biology textbook!', 'test.jpg', 'N', 9780815341291, 20030001, TO_TIMESTAMP('2016-11-20 17:01:23', 'YYYY-MM-DD HH24:MI:SS'));
INSERT INTO ORA_W5Y9A.POSTING (POSTID, PRICE, DESCRIPTION, IMAGE, SOLD, ISBN, STUDENTNUM, TIMEPOSTED) VALUES (47401029802, 200, 'test', 'test.jpg', 'N', 9780072896060, 20030001, TO_TIMESTAMP('2016-11-20 17:17:20', 'YYYY-MM-DD HH24:MI:SS'));
INSERT INTO ORA_W5Y9A.POSTING (POSTID, PRICE, DESCRIPTION, IMAGE, SOLD, ISBN, STUDENTNUM, TIMEPOSTED) VALUES (26977539015, 90909, '8t98trt', 'test.jpg', 'N', 798798797, 20030001, TO_TIMESTAMP('2016-11-20 17:43:46', 'YYYY-MM-DD HH24:MI:SS'));
INSERT INTO ORA_W5Y9A.POSTING (POSTID, PRICE, DESCRIPTION, IMAGE, SOLD, ISBN, STUDENTNUM, TIMEPOSTED) VALUES (75167693942, 20, 'Very bad condition, willing to take $20 to get this off my hands.', 'test.jpg', 'N', 9780323355636, 20000000, TO_TIMESTAMP('2016-11-20 19:37:47', 'YYYY-MM-DD HH24:MI:SS'));
INSERT INTO ORA_W5Y9A.POSTING (POSTID, PRICE, DESCRIPTION, IMAGE, SOLD, ISBN, STUDENTNUM, TIMEPOSTED) VALUES (9745761798, 90, 'Test description', 'test.jpg', 'N', 9780321776419, 20000000, TO_TIMESTAMP('2016-11-20 23:55:34', 'YYYY-MM-DD HH24:MI:SS'));
INSERT INTO ORA_W5Y9A.POSTING (POSTID, PRICE, DESCRIPTION, IMAGE, SOLD, ISBN, STUDENTNUM, TIMEPOSTED) VALUES (36931364238, 900, 'Very very rare textbook. Many people say this is the best textbook. Many many very important people, believe me.', 'test.jpg', 'N', 9087868758748, 20030000, TO_TIMESTAMP('2016-11-21 16:35:40', 'YYYY-MM-DD HH24:MI:SS'));
INSERT INTO ORA_W5Y9A.POSTING (POSTID, PRICE, DESCRIPTION, IMAGE, SOLD, ISBN, STUDENTNUM, TIMEPOSTED) VALUES (87639491213, 23, 'Beeeerk', 'test.jpg', 'N', 1234567890456, 49697139, TO_TIMESTAMP('2016-11-22 12:47:19', 'YYYY-MM-DD HH24:MI:SS'));


